{
    "non_trivial_cols_deps": [
        "second_dataset.csv.CALL_DIRECTION_IND",
        "second_dataset.csv.CONNECTION_TYPE_KEY",
        "second_dataset.csv.ORIG_PARENT_OPERATOR_CODE",
        "second_dataset.csv.ACTUAL_CALL_DURATION_SEC",
        "second_dataset.csv.CALL_TYPE_CODE",
        "second_dataset.csv.SYSTEM_ID",
        "second_dataset.csv.CALL_START_TIME",
        "second_dataset.csv.COUNTED_CDR_IND",
        "second_dataset.csv.CALLING_NUM",
        "second_dataset.csv.SRC",
        "second_dataset.csv.TERM_PARENT_OPERATOR_CODE",
        "second_dataset.csv.CALLED_NUM",
        "second_dataset.csv.CHARGE_AMT",
        "second_dataset.csv.NUMBER_ID"
    ],
    "non_trivial_data_sources": [
        "second_dataset.csv"
    ],
    "avg_durat_out": {
        "data_sources": [
            "second_dataset.csv"
        ],
        "cols_deps": [
            "second_dataset.csv.ACTUAL_CALL_DURATION_SEC"
        ]
    },
    "SYSTEM_ID": {
        "data_sources": [
            "second_dataset.csv"
        ],
        "cols_deps": [
            "second_dataset.csv.SYSTEM_ID"
        ]
    },
    "sum_durat": {
        "data_sources": [
            "second_dataset.csv"
        ],
        "cols_deps": [
            "second_dataset.csv.ACTUAL_CALL_DURATION_SEC"
        ]
    },
    "count": {
        "data_sources": [
            "second_dataset.csv"
        ],
        "cols_deps": [
            "second_dataset.csv.CALLED_NUM"
        ]
    },
    "CONTACT": {
        "data_sources": [
            "second_dataset.csv"
        ],
        "cols_deps": [
            "second_dataset.csv.CALLED_NUM"
        ]
    },
    "count_in": {
        "data_sources": [],
        "cols_deps": []
    },
    "sum_durat_out": {
        "data_sources": [
            "second_dataset.csv"
        ],
        "cols_deps": [
            "second_dataset.csv.ACTUAL_CALL_DURATION_SEC"
        ]
    },
    "RowNum": {
        "data_sources": [
            "second_dataset.csv"
        ],
        "cols_deps": [
            "second_dataset.csv.ACTUAL_CALL_DURATION_SEC",
            "second_dataset.csv.SYSTEM_ID",
            "second_dataset.csv.CALL_START_TIME",
            "second_dataset.csv.CALLED_NUM",
            "second_dataset.csv.NUMBER_ID"
        ]
    },
    "NUMBER_ID": {
        "data_sources": [
            "second_dataset.csv"
        ],
        "cols_deps": [
            "second_dataset.csv.NUMBER_ID"
        ]
    },
    "sum_durat_in": {
        "data_sources": [
            "second_dataset.csv"
        ],
        "cols_deps": [
            "second_dataset.csv.ACTUAL_CALL_DURATION_SEC"
        ]
    },
    "TIME_KEY": {
        "data_sources": [
            "second_dataset.csv"
        ],
        "cols_deps": [
            "second_dataset.csv.CALL_START_TIME"
        ]
    },
    "count_out": {
        "data_sources": [],
        "cols_deps": []
    },
    "avg_durat_in": {
        "data_sources": [
            "second_dataset.csv"
        ],
        "cols_deps": [
            "second_dataset.csv.ACTUAL_CALL_DURATION_SEC"
        ]
    }
}